metric,metric_label,system,queries,mean,median,std_dev,ci_low,ci_high,min,max
recall1,Recall@1,bge_m3_hybrid_315,14977,0.4990986178807505,0.0,0.5000158805798979,0.49109005527211974,0.5071071804893813,0.0,1.0
recall1,Recall@1,bge_m3_hybrid_414,14977,0.4468852240101489,0.0,0.49718741493281954,0.43892196385110177,0.45484848416919604,0.0,1.0
recall1,Recall@1,bge_m3_hybrid_424,14977,0.43513387193697,0.0,0.49579108286556495,0.42719297629316605,0.44307476758077396,0.0,1.0
recall1,Recall@1,bge_m3_hybrid_513,14977,0.4980303131468251,0.0,0.5000128132865296,0.49002179966585596,0.5060388266277943,0.0,1.0
recall1,Recall@1,bge_m3_hybrid_513_tk1000,14977,0.4980303131468251,0.0,0.5000128132865296,0.49002179966585596,0.5060388266277943,0.0,1.0
recall1,Recall@1,bge_m3_hybrid_513_tk500,14977,0.4980303131468251,0.0,0.5000128132865296,0.49002179966585596,0.5060388266277943,0.0,1.0
recall1,Recall@1,bge_m3_hybrid_514,14977,0.4434800026707618,0.0,0.49681180538443087,0.43552275850580907,0.45143724683571457,0.0,1.0
recall1,Recall@1,reranked_results,14977,0.5977164986312345,1.0,0.49037489911655646,0.5898623519254913,0.6055706453369778,0.0,1.0
recall1,Recall@1,nemotron_topk400,14977,0.6361754690525473,1.0,0.4811150556495382,0.6284696337085666,0.643881304396528,0.0,1.0
recall1,Recall@1,rer_bge_m3_hybrid_513_nemotron,14977,0.6302997930159578,1.0,0.4827396023044966,0.6225679379312006,0.6380316481007151,0.0,1.0
recall1,Recall@1,rer_bge_m3_hybrid_513_nemotron_tk1000,14977,0.6474594378046338,1.0,0.477777098275178,0.6398070652438481,0.6551118103654194,0.0,1.0
recall1,Recall@1,rer_bge_m3_hybrid_513_nemotron_tk500,14977,0.6470588235294118,1.0,0.4779005667861673,0.6394044734208344,0.6547131736379892,0.0,1.0
recall5,Recall@5,bge_m3_hybrid_315,14977,0.6489283568137811,1.0,0.4773212303045996,0.6412832857154598,0.6565734279121025,0.0,1.0
recall5,Recall@5,bge_m3_hybrid_414,14977,0.6282299525939774,1.0,0.48329356987484967,0.6204892248230862,0.6359706803648686,0.0,1.0
recall5,Recall@5,bge_m3_hybrid_424,14977,0.619549976630834,1.0,0.48551368891470387,0.6117736900646729,0.6273262631969951,0.0,1.0
recall5,Recall@5,bge_m3_hybrid_513,14977,0.6502637377311878,1.0,0.47690250031575915,0.6426253732705194,0.6579021021918563,0.0,1.0
recall5,Recall@5,bge_m3_hybrid_513_tk1000,14977,0.6502637377311878,1.0,0.47690250031575915,0.6426253732705194,0.6579021021918563,0.0,1.0
recall5,Recall@5,bge_m3_hybrid_513_tk500,14977,0.6502637377311878,1.0,0.47690250031575915,0.6426253732705194,0.6579021021918563,0.0,1.0
recall5,Recall@5,bge_m3_hybrid_514,14977,0.625358883621553,1.0,0.4840462729302257,0.6176061000944773,0.6331116671486288,0.0,1.0
recall5,Recall@5,reranked_results,14977,0.731721973692996,1.0,0.44307791061584,0.7246253647141913,0.7388185826718007,0.0,1.0
recall5,Recall@5,nemotron_topk400,14977,0.7801963009948588,1.0,0.41412737641846836,0.7735633816200804,0.7868292203696372,0.0,1.0
recall5,Recall@5,rer_bge_m3_hybrid_513_nemotron,14977,0.7655071109033852,1.0,0.4236955986349912,0.7587209409826732,0.7722932808240972,0.0,1.0
recall5,Recall@5,rer_bge_m3_hybrid_513_nemotron_tk1000,14977,0.7848033651599119,1.0,0.41097240828708964,0.778220977699798,0.7913857526200258,0.0,1.0
recall5,Recall@5,rer_bge_m3_hybrid_513_nemotron_tk500,14977,0.7835347532883755,1.0,0.4118487210143178,0.776938330263366,0.790131176313385,0.0,1.0
recall10,Recall@10,bge_m3_hybrid_315,14977,0.696801762702811,1.0,0.45965549422688406,0.6894396369246301,0.704163888480992,0.0,1.0
recall10,Recall@10,bge_m3_hybrid_414,14977,0.680843960739801,1.0,0.46616517613759256,0.673377571882848,0.6883103495967541,0.0,1.0
recall10,Recall@10,bge_m3_hybrid_424,14977,0.6754356680243039,1.0,0.46822747103070955,0.6679362481809153,0.6829350878676924,0.0,1.0
recall10,Recall@10,bge_m3_hybrid_513,14977,0.698003605528477,1.0,0.45913902871569384,0.6906497517803298,0.7053574592766241,0.0,1.0
recall10,Recall@10,bge_m3_hybrid_513_tk1000,14977,0.6980703745743473,1.0,0.4591102268980596,0.690716982133868,0.7054237670148266,0.0,1.0
recall10,Recall@10,bge_m3_hybrid_513_tk500,14977,0.6980703745743473,1.0,0.4591102268980596,0.690716982133868,0.7054237670148266,0.0,1.0
recall10,Recall@10,bge_m3_hybrid_514,14977,0.6793750417306537,1.0,0.4667324065410624,0.6718995677618549,0.6868505156994524,0.0,1.0
recall10,Recall@10,reranked_results,14977,0.7675769513253655,1.0,0.42239139158431616,0.760811670388835,0.774342232261896,0.0,1.0
recall10,Recall@10,nemotron_topk400,14977,0.8188555785537824,1.0,0.38515065184134056,0.8126867682642991,0.8250243888432658,0.0,1.0
recall10,Recall@10,rer_bge_m3_hybrid_513_nemotron,14977,0.794818722040462,1.0,0.4038475091984431,0.7883504513567301,0.8012869927241939,0.0,1.0
recall10,Recall@10,rer_bge_m3_hybrid_513_nemotron_tk1000,14977,0.8247312545903719,1.0,0.38020950063920966,0.8186415848248157,0.830820924355928,0.0,1.0
recall10,Recall@10,rer_bge_m3_hybrid_513_nemotron_tk500,14977,0.8219269546638178,1.0,0.38258699537971846,0.8157992054767461,0.8280547038508895,0.0,1.0
recall100,Recall@100,bge_m3_hybrid_315,14977,0.8365493757094211,1.0,0.36978865308781655,0.8306266126628147,0.8424721387560276,0.0,1.0
recall100,Recall@100,bge_m3_hybrid_414,14977,0.8326767710489417,1.0,0.3732766658937994,0.8266981418388365,0.8386554002590468,0.0,1.0
recall100,Recall@100,bge_m3_hybrid_424,14977,0.8276690926086666,1.0,0.37768040702684197,0.82161993036562,0.8337182548517132,0.0,1.0
recall100,Recall@100,bge_m3_hybrid_513,14977,0.8391533684983642,1.0,0.3674016948647086,0.8332688364462448,0.8450379005504836,0.0,1.0
recall100,Recall@100,bge_m3_hybrid_513_tk1000,14977,0.8408225946451225,1.0,0.3658536537229598,0.8349628569743138,0.8466823323159313,0.0,1.0
recall100,Recall@100,bge_m3_hybrid_513_tk500,14977,0.8408225946451225,1.0,0.3658536537229598,0.8349628569743138,0.8466823323159313,0.0,1.0
recall100,Recall@100,bge_m3_hybrid_514,14977,0.8326767710489417,1.0,0.3732766658937994,0.8266981418388365,0.8386554002590468,0.0,1.0
recall100,Recall@100,reranked_results,14977,0.8391533684983642,1.0,0.3674016948647086,0.8332688364462448,0.8450379005504836,0.0,1.0
recall100,Recall@100,nemotron_topk400,14977,0.8929024504239834,1.0,0.30924755430737055,0.8879493509396946,0.8978555499082722,0.0,1.0
recall100,Recall@100,rer_bge_m3_hybrid_513_nemotron,14977,0.8391533684983642,1.0,0.3674016948647086,0.8332688364462448,0.8450379005504836,0.0,1.0
recall100,Recall@100,rer_bge_m3_hybrid_513_nemotron_tk1000,14977,0.9109300928089737,1.0,0.28485413212675753,0.9063676934131414,0.9154924922048061,0.0,1.0
recall100,Recall@100,rer_bge_m3_hybrid_513_nemotron_tk500,14977,0.8985778193229619,1.0,0.30189701455176904,0.893742450615087,0.9034131880308368,0.0,1.0
precision1,Precision@1,bge_m3_hybrid_315,14977,0.4990986178807505,0.0,0.5000158805798979,0.49109005527211974,0.5071071804893813,0.0,1.0
precision1,Precision@1,bge_m3_hybrid_414,14977,0.4468852240101489,0.0,0.49718741493281954,0.43892196385110177,0.45484848416919604,0.0,1.0
precision1,Precision@1,bge_m3_hybrid_424,14977,0.43513387193697,0.0,0.49579108286556495,0.42719297629316605,0.44307476758077396,0.0,1.0
precision1,Precision@1,bge_m3_hybrid_513,14977,0.4980303131468251,0.0,0.5000128132865296,0.49002179966585596,0.5060388266277943,0.0,1.0
precision1,Precision@1,bge_m3_hybrid_513_tk1000,14977,0.4980303131468251,0.0,0.5000128132865296,0.49002179966585596,0.5060388266277943,0.0,1.0
precision1,Precision@1,bge_m3_hybrid_513_tk500,14977,0.4980303131468251,0.0,0.5000128132865296,0.49002179966585596,0.5060388266277943,0.0,1.0
precision1,Precision@1,bge_m3_hybrid_514,14977,0.4434800026707618,0.0,0.49681180538443087,0.43552275850580907,0.45143724683571457,0.0,1.0
precision1,Precision@1,reranked_results,14977,0.5977164986312345,1.0,0.49037489911655646,0.5898623519254913,0.6055706453369778,0.0,1.0
precision1,Precision@1,nemotron_topk400,14977,0.6361754690525473,1.0,0.4811150556495382,0.6284696337085666,0.643881304396528,0.0,1.0
precision1,Precision@1,rer_bge_m3_hybrid_513_nemotron,14977,0.6302997930159578,1.0,0.4827396023044966,0.6225679379312006,0.6380316481007151,0.0,1.0
precision1,Precision@1,rer_bge_m3_hybrid_513_nemotron_tk1000,14977,0.6474594378046338,1.0,0.477777098275178,0.6398070652438481,0.6551118103654194,0.0,1.0
precision1,Precision@1,rer_bge_m3_hybrid_513_nemotron_tk500,14977,0.6470588235294118,1.0,0.4779005667861673,0.6394044734208344,0.6547131736379892,0.0,1.0
precision5,Precision@5,bge_m3_hybrid_315,14977,0.12978567136275623,0.2,0.09546424606091992,0.12825665714309198,0.1313146855824205,0.0,0.2
precision5,Precision@5,bge_m3_hybrid_414,14977,0.1256459905187955,0.2,0.09665871397496995,0.12409784496461726,0.12719413607297372,0.0,0.2
precision5,Precision@5,bge_m3_hybrid_424,14977,0.1239099953261668,0.2,0.09710273778294078,0.12235473801293457,0.12546525263939903,0.0,0.2
precision5,Precision@5,bge_m3_hybrid_513,14977,0.13005274754623758,0.2,0.09538050006315184,0.1285250746541039,0.13158042043837126,0.0,0.2
precision5,Precision@5,bge_m3_hybrid_513_tk1000,14977,0.13005274754623758,0.2,0.09538050006315184,0.1285250746541039,0.13158042043837126,0.0,0.2
precision5,Precision@5,bge_m3_hybrid_513_tk500,14977,0.13005274754623758,0.2,0.09538050006315184,0.1285250746541039,0.13158042043837126,0.0,0.2
precision5,Precision@5,bge_m3_hybrid_514,14977,0.1250717767243106,0.2,0.09680925458604514,0.12352122001889547,0.12662233342972576,0.0,0.2
precision5,Precision@5,reranked_results,14977,0.1463443947385992,0.2,0.088615582123168,0.14492507294283824,0.14776371653436016,0.0,0.2
precision5,Precision@5,nemotron_topk400,14977,0.15603926019897177,0.2,0.08282547528369368,0.15471267632401609,0.15736584407392745,0.0,0.2
precision5,Precision@5,rer_bge_m3_hybrid_513_nemotron,14977,0.15310142218067704,0.2,0.08473911972699824,0.15174418819653465,0.15445865616481944,0.0,0.2
precision5,Precision@5,rer_bge_m3_hybrid_513_nemotron_tk1000,14977,0.15696067303198238,0.2,0.08219448165741794,0.15564419553995962,0.15827715052400515,0.0,0.2
precision5,Precision@5,rer_bge_m3_hybrid_513_nemotron_tk500,14977,0.1567069506576751,0.2,0.08236974420286357,0.15538766605267318,0.158026235262677,0.0,0.2
precision10,Precision@10,bge_m3_hybrid_315,14977,0.06968017627028111,0.1,0.045965549422688406,0.06894396369246301,0.07041638884809921,0.0,0.1
precision10,Precision@10,bge_m3_hybrid_414,14977,0.0680843960739801,0.1,0.046616517613759255,0.0673377571882848,0.06883103495967541,0.0,0.1
precision10,Precision@10,bge_m3_hybrid_424,14977,0.0675435668024304,0.1,0.04682274710307095,0.06679362481809155,0.06829350878676925,0.0,0.1
precision10,Precision@10,bge_m3_hybrid_513,14977,0.0698003605528477,0.1,0.045913902871569386,0.06906497517803299,0.07053574592766242,0.0,0.1
precision10,Precision@10,bge_m3_hybrid_513_tk1000,14977,0.06980703745743473,0.1,0.04591102268980596,0.06907169821338681,0.07054237670148265,0.0,0.1
precision10,Precision@10,bge_m3_hybrid_513_tk500,14977,0.06980703745743473,0.1,0.04591102268980596,0.06907169821338681,0.07054237670148265,0.0,0.1
precision10,Precision@10,bge_m3_hybrid_514,14977,0.06793750417306536,0.1,0.046673240654106246,0.06718995677618549,0.06868505156994524,0.0,0.1
precision10,Precision@10,reranked_results,14977,0.07675769513253657,0.1,0.04223913915843162,0.07608116703888353,0.0774342232261896,0.0,0.1
precision10,Precision@10,nemotron_topk400,14977,0.08188555785537825,0.1,0.03851506518413406,0.08126867682642992,0.08250243888432658,0.0,0.1
precision10,Precision@10,rer_bge_m3_hybrid_513_nemotron,14977,0.0794818722040462,0.1,0.04038475091984431,0.07883504513567302,0.08012869927241939,0.0,0.1
precision10,Precision@10,rer_bge_m3_hybrid_513_nemotron_tk1000,14977,0.08247312545903719,0.1,0.03802095006392097,0.08186415848248157,0.08308209243559281,0.0,0.1
precision10,Precision@10,rer_bge_m3_hybrid_513_nemotron_tk500,14977,0.08219269546638179,0.1,0.03825869953797185,0.08157992054767461,0.08280547038508897,0.0,0.1
f1_1,F1@1,bge_m3_hybrid_315,14977,0.4990986178807505,0.0,0.5000158805798979,0.49109005527211974,0.5071071804893813,0.0,1.0
f1_1,F1@1,bge_m3_hybrid_414,14977,0.4468852240101489,0.0,0.49718741493281954,0.43892196385110177,0.45484848416919604,0.0,1.0
f1_1,F1@1,bge_m3_hybrid_424,14977,0.43513387193697,0.0,0.49579108286556495,0.42719297629316605,0.44307476758077396,0.0,1.0
f1_1,F1@1,bge_m3_hybrid_513,14977,0.4980303131468251,0.0,0.5000128132865296,0.49002179966585596,0.5060388266277943,0.0,1.0
f1_1,F1@1,bge_m3_hybrid_513_tk1000,14977,0.4980303131468251,0.0,0.5000128132865296,0.49002179966585596,0.5060388266277943,0.0,1.0
f1_1,F1@1,bge_m3_hybrid_513_tk500,14977,0.4980303131468251,0.0,0.5000128132865296,0.49002179966585596,0.5060388266277943,0.0,1.0
f1_1,F1@1,bge_m3_hybrid_514,14977,0.4434800026707618,0.0,0.49681180538443087,0.43552275850580907,0.45143724683571457,0.0,1.0
f1_1,F1@1,reranked_results,14977,0.5977164986312345,1.0,0.49037489911655646,0.5898623519254913,0.6055706453369778,0.0,1.0
f1_1,F1@1,nemotron_topk400,14977,0.6361754690525473,1.0,0.4811150556495382,0.6284696337085666,0.643881304396528,0.0,1.0
f1_1,F1@1,rer_bge_m3_hybrid_513_nemotron,14977,0.6302997930159578,1.0,0.4827396023044966,0.6225679379312006,0.6380316481007151,0.0,1.0
f1_1,F1@1,rer_bge_m3_hybrid_513_nemotron_tk1000,14977,0.6474594378046338,1.0,0.477777098275178,0.6398070652438481,0.6551118103654194,0.0,1.0
f1_1,F1@1,rer_bge_m3_hybrid_513_nemotron_tk500,14977,0.6470588235294118,1.0,0.4779005667861673,0.6394044734208344,0.6547131736379892,0.0,1.0
mrr5,MRR@5,bge_m3_hybrid_315,14977,0.5571787852484922,0.5,0.46181150748409094,0.549782127432778,0.5645754430642064,0.0,1.0
mrr5,MRR@5,bge_m3_hybrid_414,14977,0.5171117936391356,0.5,0.4573831796365767,0.5097860626523398,0.5244375246259314,0.0,1.0
mrr5,MRR@5,bge_m3_hybrid_424,14977,0.5066824686741893,0.5,0.4568641327399542,0.4993650510624879,0.5139998862858907,0.0,1.0
mrr5,MRR@5,bge_m3_hybrid_513,14977,0.5567091762925375,0.5,0.4613733040388803,0.549319537013359,0.5640988155717159,0.0,1.0
mrr5,MRR@5,bge_m3_hybrid_513_tk1000,14977,0.5567091762925375,0.5,0.4613733040388803,0.549319537013359,0.5640988155717159,0.0,1.0
mrr5,MRR@5,bge_m3_hybrid_513_tk500,14977,0.5567091762925375,0.5,0.4613733040388803,0.549319537013359,0.5640988155717159,0.0,1.0
mrr5,MRR@5,bge_m3_hybrid_514,14977,0.5140815917740535,0.5,0.45732042739231166,0.5067568658658893,0.5214063176822178,0.0,1.0
mrr5,MRR@5,reranked_results,14977,0.6509970844183304,1.0,0.44380764502472675,0.6438887875633437,0.6581053812733171,0.0,1.0
mrr5,MRR@5,nemotron_topk400,14977,0.6936847610780976,1.0,0.42413413183596976,0.6868915673392783,0.700477954816917,0.0,1.0
mrr5,MRR@5,rer_bge_m3_hybrid_513_nemotron,14977,0.684675391155327,1.0,0.43032059709233406,0.6777831111749382,0.6915676711357159,0.0,1.0
mrr5,MRR@5,rer_bge_m3_hybrid_513_nemotron_tk1000,14977,0.7018061026907926,1.0,0.4223210337268364,0.6950419486490839,0.7085702567325013,0.0,1.0
mrr5,MRR@5,rer_bge_m3_hybrid_513_nemotron_tk500,14977,0.7010282433064031,1.0,0.42290304847235677,0.6942547673577117,0.7078017192550945,0.0,1.0
ap,AP / MAP,bge_m3_hybrid_315,14977,0.5692435844250467,0.5,0.4482041279138827,0.5620648707896275,0.576422298060466,0.0,1.0
ap,AP / MAP,bge_m3_hybrid_414,14977,0.5301811621501727,0.5,0.44364837966592385,0.5230754161873614,0.5372869081129841,0.0,1.0
ap,AP / MAP,bge_m3_hybrid_424,14977,0.5201053960951921,0.5,0.4430561130025029,0.513009136240401,0.5272016559499832,0.0,1.0
ap,AP / MAP,bge_m3_hybrid_513,14977,0.5688259552934072,0.5,0.4476977278011293,0.561655352474395,0.5759965581124193,0.0,1.0
ap,AP / MAP,bge_m3_hybrid_513_tk1000,14977,0.5692754290195144,0.5,0.4471318295491596,0.5621138899757883,0.5764369680632406,0.0,1.0
ap,AP / MAP,bge_m3_hybrid_513_tk500,14977,0.5692389085316284,0.5,0.44717826163479735,0.5620766258029928,0.576401191260264,0.0,1.0
ap,AP / MAP,bge_m3_hybrid_514,14977,0.5273459423488923,0.5,0.44346112017836326,0.5202431956494813,0.5344486890483033,0.0,1.0
ap,AP / MAP,reranked_results,14977,0.6592271648908492,1.0,0.4324900577996494,0.6523001374902757,0.6661541922914227,0.0,1.0
ap,AP / MAP,nemotron_topk400,14977,0.7023710699220097,1.0,0.4107413902998358,0.6957923825884048,0.7089497572556146,0.0,1.0
ap,AP / MAP,rer_bge_m3_hybrid_513_nemotron,14977,0.6909108949685536,1.0,0.421064069110294,0.6841668732470759,0.6976549166900313,0.0,1.0
ap,AP / MAP,rer_bge_m3_hybrid_513_nemotron_tk1000,14977,0.7111067529060902,1.0,0.4076670688271078,0.7045773058005453,0.717636200011635,0.0,1.0
ap,AP / MAP,rer_bge_m3_hybrid_513_nemotron_tk500,14977,0.7096424627570486,1.0,0.40939764545796753,0.7030852976692644,0.7161996278448327,0.0,1.0
ndcg5,nDCG@5,bge_m3_hybrid_315,14977,0.5801710667846156,0.6309297535714574,0.45578006408674365,0.5728710122848042,0.587471121284427,0.0,1.0
ndcg5,nDCG@5,bge_m3_hybrid_414,14977,0.5449590189419093,0.6309297535714574,0.4523070362429921,0.5377145905972032,0.5522034472866155,0.0,1.0
ndcg5,nDCG@5,bge_m3_hybrid_424,14977,0.5349749394359881,0.6309297535714574,0.4523820076570318,0.5277293103028939,0.5422205685690822,0.0,1.0
ndcg5,nDCG@5,bge_m3_hybrid_513,14977,0.5801363846364943,0.6309297535714574,0.4551346111548556,0.5728466681087688,0.5874261011642198,0.0,1.0
ndcg5,nDCG@5,bge_m3_hybrid_513_tk1000,14977,0.5801363846364943,0.6309297535714574,0.4551346111548556,0.5728466681087688,0.5874261011642198,0.0,1.0
ndcg5,nDCG@5,bge_m3_hybrid_513_tk500,14977,0.5801363846364943,0.6309297535714574,0.4551346111548556,0.5728466681087688,0.5874261011642198,0.0,1.0
ndcg5,nDCG@5,bge_m3_hybrid_514,14977,0.5419762781754003,0.6309297535714574,0.45246761332207314,0.534729277929198,0.5492232784216026,0.0,1.0
ndcg5,nDCG@5,reranked_results,14977,0.6712906188427777,1.0,0.43438437444204875,0.6643332508989926,0.6782479867865628,0.0,1.0
ndcg5,nDCG@5,nemotron_topk400,14977,0.7154554874384323,1.0,0.4113430245990402,0.7088671639589772,0.7220438109178875,0.0,1.0
ndcg5,nDCG@5,rer_bge_m3_hybrid_513_nemotron,14977,0.7050418892398871,1.0,0.4191550787355955,0.6983284430851641,0.7117553353946101,0.0,1.0
ndcg5,nDCG@5,rer_bge_m3_hybrid_513_nemotron_tk1000,14977,0.7226570676808418,1.0,0.4094453748983655,0.7160991381289146,0.7292149972327691,0.0,1.0
ndcg5,nDCG@5,rer_bge_m3_hybrid_513_nemotron_tk500,14977,0.7217588943039304,1.0,0.4101633200640523,0.7151894656996084,0.7283283229082523,0.0,1.0
ndcg10,nDCG@10,bge_m3_hybrid_315,14977,0.5957448785267716,0.6309297535714574,0.44103883795205795,0.5886809285928606,0.6028088284606826,0.0,1.0
ndcg10,nDCG@10,bge_m3_hybrid_414,14977,0.5620604070890554,0.6309297535714574,0.4373076796466863,0.5550562176868631,0.5690645964912476,0.0,1.0
ndcg10,nDCG@10,bge_m3_hybrid_424,14977,0.5530939944514723,0.6309297535714574,0.43685282728092883,0.5460970902451916,0.5600908986577531,0.0,1.0
ndcg10,nDCG@10,bge_m3_hybrid_513,14977,0.595644287721606,0.6309297535714574,0.4404288623982617,0.5885901075322213,0.6026984679109908,0.0,1.0
ndcg10,nDCG@10,bge_m3_hybrid_513_tk1000,14977,0.5956680713356214,0.6309297535714574,0.4404063120439032,0.5886142523266146,0.6027218903446282,0.0,1.0
ndcg10,nDCG@10,bge_m3_hybrid_513_tk500,14977,0.5956680713356214,0.6309297535714574,0.4404063120439032,0.5886142523266146,0.6027218903446282,0.0,1.0
ndcg10,nDCG@10,bge_m3_hybrid_514,14977,0.5594894825568204,0.6309297535714574,0.43720142134323303,0.5524869950531257,0.5664919700605151,0.0,1.0
ndcg10,nDCG@10,reranked_results,14977,0.6828991727239165,1.0,0.4204147606934243,0.6761655507263492,0.6896327947214839,0.0,1.0
ndcg10,nDCG@10,nemotron_topk400,14977,0.7281189116295145,1.0,0.39381757904936693,0.721811286490612,0.734426536768417,0.0,1.0
ndcg10,nDCG@10,rer_bge_m3_hybrid_513_nemotron,14977,0.7145967882057497,1.0,0.4065180847013273,0.7080857439383246,0.7211078324731748,0.0,1.0
ndcg10,nDCG@10,rer_bge_m3_hybrid_513_nemotron_tk1000,14977,0.7356881200244518,1.0,0.39104526089884056,0.7294248980422126,0.7419513420066911,0.0,1.0
ndcg10,nDCG@10,rer_bge_m3_hybrid_513_nemotron_tk500,14977,0.7342377995011736,1.0,0.3926079330888143,0.7279495487977353,0.7405260502046119,0.0,1.0
ndcg100,nDCG@100,bge_m3_hybrid_315,14977,0.6247351111113554,0.6309297535714574,0.4066258599231251,0.6182223406495334,0.6312478815731773,0.0,1.0
ndcg100,nDCG@100,bge_m3_hybrid_414,14977,0.5933682872040787,0.6309297535714574,0.40216705960881327,0.58692693163699,0.5998096427711676,0.0,1.0
ndcg100,nDCG@100,bge_m3_hybrid_424,14977,0.5843912515722884,0.6309297535714574,0.4023585053940257,0.5779468296914753,0.5908356734531016,0.0,1.0
ndcg100,nDCG@100,bge_m3_hybrid_513,14977,0.6249780214600912,0.6309297535714574,0.4055495303655502,0.6184824901560323,0.6314735527641501,0.0,1.0
ndcg100,nDCG@100,bge_m3_hybrid_513_tk1000,14977,0.6252722356887079,0.6309297535714574,0.4051642170464533,0.6187828758003175,0.6317615955770983,0.0,1.0
ndcg100,nDCG@100,bge_m3_hybrid_513_tk500,14977,0.6252722356887079,0.6309297535714574,0.4051642170464533,0.6187828758003175,0.6317615955770983,0.0,1.0
ndcg100,nDCG@100,bge_m3_hybrid_514,14977,0.5910762173530387,0.6309297535714574,0.4019129007033852,0.584638932551671,0.5975135021544065,0.0,1.0
ndcg100,nDCG@100,reranked_results,14977,0.6987057110276204,1.0,0.3981031944175352,0.6923294448308525,0.7050819772243883,0.0,1.0
ndcg100,nDCG@100,nemotron_topk400,14977,0.744024349777386,1.0,0.36769168089368653,0.738135173130247,0.7499135264245249,0.0,1.0
ndcg100,nDCG@100,rer_bge_m3_hybrid_513_nemotron,14977,0.7245689341925978,1.0,0.39140985196937284,0.7182998726949986,0.730837995690197,0.0,1.0
ndcg100,nDCG@100,rer_bge_m3_hybrid_513_nemotron_tk1000,14977,0.7540016312891433,1.0,0.36007005184895297,0.7482345273516026,0.7597687352266841,0.0,1.0
ndcg100,nDCG@100,rer_bge_m3_hybrid_513_nemotron_tk500,14977,0.7505951625871183,1.0,0.36530724356713046,0.7447441765582332,0.7564461486160035,0.0,1.0
